-- Insert data into roles
INSERT INTO roles (role) VALUES 
('Ride Operator'), 
('Maintenance Operator'), 
('Food Vendor'), 
('Safety Patrol'), 
('Park Manager'),
('Mascot Performer'),
('Cashier'),
('Ticket Vendor'),
('Cleanup Crew'),
('Gift Shop Vendor'),
('RollerCoaster Technician'),
('Fireworks Specialist'),
('Park Accountant'),
('HR'),
('Marketing'),
('IT Engineer'),
('Logistics Worker'),
('Parade Dancer'),
('Face Painter'),
('Balloon Artist');

-- Insert data into ticketTypes
INSERT INTO ticketTypes (name, price) VALUES 
('Adult Single Entry', 50.00), 
('Child Single Entry', 30.00), 
('VIP Entry', 100.00), 
('Annual Pass', 300.00), 
('Seasonal Pass', 200.00);

-- Insert data into rollerCoasters
INSERT INTO rollerCoasters (name, opening, closing, minimum_age, ticket_required_id) VALUES 
('Dragon’s Flight', '09:00:00', '18:00:00', 12, 1),
('Galaxy Twister', '10:00:00', '19:00:00', 8, 2),
('Scream Machine', '09:30:00', '18:30:00', 14, 3),
('Wild River Rapids', '10:00:00', '17:00:00', 10, 4),
('Haunted Mine Coaster', '11:00:00', '18:00:00', 16, 5),
('Cosmic Swirl', '10:30:00', '19:30:00', 8, 1),
('Thunderbolt Express', '09:00:00', '17:30:00', 12, 2),
('The Loopinator', '10:00:00', '18:00:00', 15, 3),
('Starlight Racer', '09:30:00', '19:30:00', 10, 4),
('Rocket Rumble', '08:30:00', '18:30:00', 6, 5),
('Iron Avalanche', '09:00:00', '18:00:00', 13, 1),
('Cyclone Spinner', '10:00:00', '20:00:00', 9, 2),
('Phoenix Plunge', '09:00:00', '18:00:00', 11, 3),
('Tornado Typhoon', '09:00:00', '18:00:00', 14, 4),
('Skyfall Adventure', '10:00:00', '19:00:00', 7, 5),
('Inferno Inferno', '11:00:00', '18:00:00', 15, 1),
('Whirlwind Wonder', '08:30:00', '18:30:00', 10, 2),
('Pirate Ship Frenzy', '09:30:00', '18:00:00', 5, 3),
('Magic Carpet Ride', '10:30:00', '19:30:00', 12, 4),
('Phantom Chariot', '09:00:00', '20:00:00', 10, 5);

-- Insert data into visitors
INSERT INTO visitors (firstname, lastname, age) VALUES 
('Harry', 'Potter', 25), 
('Elsa', 'Snow', 30), 
('Fiona', 'Ogre', 22), 
('Peter', 'Pan', 12), 
('Jack', 'Sparrow', 35),
('Dorothy', 'Gale', 18),
('Hercules', 'Olympus', 40),
('Ariel', 'Mermaid', 28),
('Simba', 'Lion', 19),
('Belle', 'Beauty', 27),
('Rapunzel', 'Tower', 23),
('Aladdin', 'Streetrat', 31),
('Mowgli', 'Jungle', 20),
('Anna', 'Frozen', 26),
('Cinderella', 'Glass', 29),
('Tiana', 'Bayou', 24),
('Aurora', 'Sleeping', 21),
('Pocahontas', 'Native', 32),
('Moana', 'Ocean', 19),
('Merida', 'Brave', 34);

-- Insert data into employees
INSERT INTO employees (role_id, firstname, lastname, salary) VALUES 
(1, 'Adam', 'Loop', 3500.00),
(2, 'Eve', 'Fixit', 4000.00),
(3, 'Lucas', 'Snacks', 3000.00),
(4, 'Ella', 'Safety', 4500.00),
(5, 'Henry', 'Bossman', 5000.00),
(6, 'Diana', 'Sparkle', 2500.00),
(7, 'Thomas', 'Houdini', 3200.00),
(8, 'Linda', 'Tickets', 3800.00),
(9, 'Aaron', 'Cleanly', 3400.00),
(10, 'Anna', 'Gifts', 3100.00),
(11, 'Ryan', 'Photos', 4700.00),
(12, 'Nina', 'Fireworks', 2900.00),
(13, 'Kevin', 'Numbers', 3600.00),
(14, 'Leah', 'HRHero', 3300.00),
(15, 'Jack', 'AdMagic', 2800.00),
(16, 'Sophia', 'Techy', 4300.00),
(17, 'Logan', 'Logs', 3700.00),
(18, 'Amelia', 'FaceArt', 2700.00),
(19, 'Liam', 'Balloons', 4800.00),
(20, 'Mia', 'Driver', 3900.00);

-- Insert data into products
INSERT INTO products (product_name, price) VALUES 
('Cotton Candy', 5.00),
('Funnel Cake', 6.50),
('Slushie', 4.00),
('Cheeseburger', 8.00),
('Dippin’ Dots', 7.00),
('Churros', 3.50),
('Lemonade', 3.00),
('Pretzel', 6.00),
('Turkey Leg', 12.00),
('Sundae', 5.50),
('Carousel Snow Globe', 25.00),
('RollerCoaster T-Shirt', 20.00),
('Park Map Mug', 15.00),
('Ride Keychain', 8.00),
('Stuffed Dragon', 22.00),
('Postcard Set', 5.00),
('Glow Stick', 2.00),
('Firework Hat', 10.00),
('Pirate Hat', 15.00),
('Plush Unicorn', 30.00);

-- Insert data into sales_visitors
INSERT INTO sales_visitors (date, quantity, product_id, visitor_id) VALUES 
('2024-12-01', 1, 1, 1),
('2024-12-02', 2, 2, 2),
('2024-12-03', 1, 3, 3),
('2024-12-04', 1, 4, 4),
('2024-12-05', 2, 5, 5),
('2024-12-06', 1, 6, 6),
('2024-12-07', 3, 7, 7),
('2024-12-08', 2, 8, 8),
('2024-12-09', 1, 9, 9),
('2024-12-10', 2, 10, 10),
('2024-12-11', 2, 11, 11),
('2024-12-12', 1, 12, 12),
('2024-12-13', 3, 13, 13),
('2024-12-14', 1, 14, 14),
('2024-12-15', 2, 15, 15),
('2024-12-16', 1, 16, 16),
('2024-12-17', 2, 17, 17),
('2024-12-18', 3, 18, 18),
('2024-12-19', 1, 19, 19),
('2024-12-20', 2, 20, 20);

-- Insert data into visitors_tickets
INSERT INTO visitors_tickets (visitor_id, ticket_id, date) VALUES 
(1, 1, '2024-12-01'),
(2, 2, '2024-12-02'),
(3, 3, '2024-12-03'),
(4, 4, '2024-12-04'),
(5, 5, '2024-12-05'),
(6, 1, '2024-12-06'),
(7, 2, '2024-12-07'),
(8, 3, '2024-12-08'),
(9, 4, '2024-12-09'),
(10, 5, '2024-12-10'),
(11, 1, '2024-12-11'),
(12, 2, '2024-12-12'),
(13, 3, '2024-12-13'),
(14, 4, '2024-12-14'),
(15, 5, '2024-12-15'),
(16, 1, '2024-12-16'),
(17, 2, '2024-12-17'),
(18, 3, '2024-12-18'),
(19, 4, '2024-12-19'),
(20, 5, '2024-12-20');

-- Insert data into visitors_rollerCoasters
INSERT INTO visitors_rollerCoasters (rollerCoaster_id, ticket_id) VALUES 
(1, 1),
(2, 2),
(3, 3),
(4, 4),
(5, 5),
(6, 1),
(7, 2),
(8, 3),
(9, 4),
(10, 5),
(11, 1),
(12, 2),
(13, 3),
(14, 4),
(15, 5),
(16, 1),
(17, 2),
(18, 3),
(19, 4),
(20, 5);

-- Insert data into feedbacks
INSERT INTO feedbacks (rollerCoaster_id, visitor_id, date, comment, rating) VALUES 
(1, 1, '2024-12-01', 'Absolutely thrilling!', 5),
(2, 2, '2024-12-02', 'Too scary for me, but well-made.', 4),
(3, 3, '2024-12-03', 'Best coaster in the park!', 5),
(4, 4, '2024-12-04', 'Got soaked! Loved it!', 5),
(5, 5, '2024-12-05', 'Very spooky and fun.', 4),
(6, 6, '2024-12-06', 'A nice, smooth ride.', 3),
(7, 7, '2024-12-07', 'A bit bumpy but fun.', 4),
(8, 8, '2024-12-08', 'Perfect for kids!', 5),
(9, 9, '2024-12-09', 'Super fast, adrenaline rush!', 5),
(10, 10, '2024-12-10', 'Not for the faint-hearted.', 4),
(11, 11, '2024-12-11', 'A fun classic coaster.', 5),
(12, 12, '2024-12-12', 'Great for families!', 4),
(13, 13, '2024-12-13', 'Needs more twists!', 3),
(14, 14, '2024-12-14', 'Loved the design.', 5),
(15, 15, '2024-12-15', 'Could be faster.', 4),
(16, 16, '2024-12-16', 'My kids loved it!', 5),
(17, 17, '2024-12-17', 'Smooth and scenic.', 4),
(18, 18, '2024-12-18', 'Great for photos!', 5),
(19, 19, '2024-12-19', 'A bit too short.', 3),
(20, 20, '2024-12-20', 'Amazing coaster!', 5);

-- Insert data into employees_rollerCoasters
INSERT INTO employees_rollerCoasters (date, rollerCoaster_id, employee_id) VALUES 
('2024-12-01', 1, 1),
('2024-12-02', 2, 2),
('2024-12-03', 3, 3),
('2024-12-04', 4, 4),
('2024-12-05', 5, 5),
('2024-12-06', 6, 6),
('2024-12-07', 7, 7),
('2024-12-08', 8, 8),
('2024-12-09', 9, 9),
('2024-12-10', 10, 10),
('2024-12-11', 11, 11),
('2024-12-12', 12, 12),
('2024-12-13', 13, 13),
('2024-12-14', 14, 14),
('2024-12-15', 15, 15),
('2024-12-16', 16, 16),
('2024-12-17', 17, 17),
('2024-12-18', 18, 18),
('2024-12-19', 19, 19),
('2024-12-20', 20, 20);
